{"version": "15.0.6","schema": "https://gitlab.com/gitlab-org/security-products/security-report-schemas/-/raw/v15.0.6/dist/dependency-scanning-report-format.json?ref_type=tags", "scan": {"scanner": {"id": "org.owasp.dependency-check","name": "Dependency-Check Core","version": "12.1.9","vendor": {"name": "OWASP"},"url": "https://github.com/dependency-check/DependencyCheck/"},"analyzer": {"id": "org.owasp.dependency-check","name": "Dependency-Check Core","version": "12.1.9","vendor": {"name": "OWASP"},"url": "https://github.com/dependency-check/DependencyCheck/"},"end_time": "2025-11-20T08:54:36","start_time": "2025-11-20T08:54:36","status":  "success"  ,"type": "dependency_scanning"},"vulnerabilities": [{"id": "CVE-2022-24785","identifiers": [{"type": "NVD", "name": "CVE-2022-24785", "value": "304d5742ff744fb950a3e8bfc26226539e97a67f", "url": "https://web.nvd.nist.gov/view/vuln/detail?vulnId=CVE-2022-24785"}],"location": {"file": "\/src\/assets\/vendor\/chart.js\/Chart.bundle.min.js","dependency": {"package": {"name": "moment.js"},"version": "2.24.0"}},"name": "CVE-2022-24785","description": "Moment.js is a JavaScript date library for parsing, validating, manipulating, and formatting dates. A path traversal vulnerability impacts npm (server) users of Moment.js between versions 1.0.1 and 2.29.1, especially if a user-provided locale string is directly used to switch moment locale. This problem is patched in 2.29.2, and the patch can be applied to all affected versions. As a workaround, sanitize the user-provided locale name before passing it to Moment.js.","severity": "High","links": [{"url": "https:\/\/lists.fedoraproject.org\/archives\/list\/package-announce%40lists.fedoraproject.org\/message\/6QIO6YNLTK2T7SPKDS4JEL45FANLNC2Q\/"} ,{"url": "https:\/\/lists.fedoraproject.org\/archives\/list\/package-announce%40lists.fedoraproject.org\/message\/ORJX2LF6KMPIHP6B2P6KZIVKMLE3LVJ5\/"} ,{"url": "https:\/\/security.netapp.com\/advisory\/ntap-20241108-0002\/"} ,{"name": "MAILING_LIST,THIRD_PARTY_ADVISORY","url": "https:\/\/lists.debian.org\/debian-lts-announce\/2023\/01\/msg00035.html"} ,{"name": "PATCH","url": "https:\/\/github.com\/moment\/moment\/commit\/4211bfc8f15746be4019bba557e29a7ba83d54c5"} ,{"name": "PATCH,RELEASE_NOTES,THIRD_PARTY_ADVISORY","url": "https:\/\/www.tenable.com\/security\/tns-2022-09"} ,{"name": "THIRD_PARTY_ADVISORY","url": "https:\/\/security.netapp.com\/advisory\/ntap-20220513-0006\/"} ,{"name": "VENDOR_ADVISORY","url": "https:\/\/github.com\/moment\/moment\/security\/advisories\/GHSA-8hfj-j24r-96c4"} ,{"name": "https:\/\/github.com\/moment\/moment\/security\/advisories\/GHSA-8hfj-j24r-96c4","url": "https:\/\/github.com\/moment\/moment\/security\/advisories\/GHSA-8hfj-j24r-96c4"} ,{"url": "https:\/\/lists.fedoraproject.org\/archives\/list\/package-announce%40lists.fedoraproject.org\/message\/6QIO6YNLTK2T7SPKDS4JEL45FANLNC2Q\/"} ,{"url": "https:\/\/lists.fedoraproject.org\/archives\/list\/package-announce%40lists.fedoraproject.org\/message\/ORJX2LF6KMPIHP6B2P6KZIVKMLE3LVJ5\/"} ,{"name": "MAILING_LIST,THIRD_PARTY_ADVISORY","url": "https:\/\/lists.debian.org\/debian-lts-announce\/2023\/01\/msg00035.html"} ,{"name": "PATCH","url": "https:\/\/github.com\/moment\/moment\/commit\/4211bfc8f15746be4019bba557e29a7ba83d54c5"} ,{"name": "PATCH,RELEASE_NOTES,THIRD_PARTY_ADVISORY","url": "https:\/\/www.tenable.com\/security\/tns-2022-09"} ,{"name": "THIRD_PARTY_ADVISORY","url": "https:\/\/security.netapp.com\/advisory\/ntap-20220513-0006\/"} ,{"name": "VENDOR_ADVISORY","url": "https:\/\/github.com\/moment\/moment\/security\/advisories\/GHSA-8hfj-j24r-96c4"}]},{"id": "CVE-2022-31129","identifiers": [{"type": "NVD", "name": "CVE-2022-31129", "value": "304d5742ff744fb950a3e8bfc26226539e97a67f", "url": "https://web.nvd.nist.gov/view/vuln/detail?vulnId=CVE-2022-31129"}],"location": {"file": "\/src\/assets\/vendor\/chart.js\/Chart.bundle.min.js","dependency": {"package": {"name": "moment.js"},"version": "2.24.0"}},"name": "CVE-2022-31129","description": "moment is a JavaScript date library for parsing, validating, manipulating, and formatting dates. Affected versions of moment were found to use an inefficient parsing algorithm. Specifically using string-to-date parsing in moment (more specifically rfc2822 parsing, which is tried by default) has quadratic (N^2) complexity on specific inputs. Users may notice a noticeable slowdown is observed with inputs above 10k characters. Users who pass user-provided strings without sanity length checks to moment constructor are vulnerable to (Re)DoS attacks. The problem is patched in 2.29.4, the patch can be applied to all affected versions with minimal tweaking. Users are advised to upgrade. Users unable to upgrade should consider limiting date lengths accepted from user input.","severity": "High","links": [{"url": "https:\/\/lists.fedoraproject.org\/archives\/list\/package-announce%40lists.fedoraproject.org\/message\/6QIO6YNLTK2T7SPKDS4JEL45FANLNC2Q\/"} ,{"url": "https:\/\/lists.fedoraproject.org\/archives\/list\/package-announce%40lists.fedoraproject.org\/message\/IWY24RJA3SBJGA5N4CU4VBPHJPPPJL5O\/"} ,{"url": "https:\/\/lists.fedoraproject.org\/archives\/list\/package-announce%40lists.fedoraproject.org\/message\/ORJX2LF6KMPIHP6B2P6KZIVKMLE3LVJ5\/"} ,{"url": "https:\/\/lists.fedoraproject.org\/archives\/list\/package-announce%40lists.fedoraproject.org\/message\/ZMX5YHELQVCGKKQVFXIYOTBMN23YYSRO\/"} ,{"url": "https:\/\/security.netapp.com\/advisory\/ntap-20241108-0002\/"} ,{"name": "EXPLOIT,ISSUE_TRACKING,PATCH,THIRD_PARTY_ADVISORY","url": "https:\/\/github.com\/moment\/moment\/pull\/6015#issuecomment-1152961973"} ,{"name": "EXPLOIT,ISSUE_TRACKING,PATCH,THIRD_PARTY_ADVISORY","url": "https:\/\/huntr.dev\/bounties\/f0952b67-f2ff-44a9-a9cd-99e0a87cb633\/"} ,{"name": "ISSUE_TRACKING,THIRD_PARTY_ADVISORY","url": "https:\/\/github.com\/moment\/moment\/security\/advisories\/GHSA-wc69-rhjr-hc9g"} ,{"name": "MAILING_LIST,THIRD_PARTY_ADVISORY","url": "https:\/\/lists.debian.org\/debian-lts-announce\/2023\/01\/msg00035.html"} ,{"name": "PATCH,THIRD_PARTY_ADVISORY","url": "https:\/\/github.com\/moment\/moment\/commit\/9a3b5894f3d5d602948ac8a02e4ee528a49ca3a3"} ,{"name": "THIRD_PARTY_ADVISORY","url": "https:\/\/security.netapp.com\/advisory\/ntap-20221014-0003\/"} ,{"name": "https:\/\/github.com\/moment\/moment\/security\/advisories\/GHSA-wc69-rhjr-hc9g","url": "https:\/\/github.com\/moment\/moment\/security\/advisories\/GHSA-wc69-rhjr-hc9g"} ,{"name": "https:\/\/security.snyk.io\/vuln\/SNYK-JS-MOMENT-2944238","url": "https:\/\/security.snyk.io\/vuln\/SNYK-JS-MOMENT-2944238"} ,{"url": "https:\/\/lists.fedoraproject.org\/archives\/list\/package-announce%40lists.fedoraproject.org\/message\/6QIO6YNLTK2T7SPKDS4JEL45FANLNC2Q\/"} ,{"url": "https:\/\/lists.fedoraproject.org\/archives\/list\/package-announce%40lists.fedoraproject.org\/message\/IWY24RJA3SBJGA5N4CU4VBPHJPPPJL5O\/"} ,{"url": "https:\/\/lists.fedoraproject.org\/archives\/list\/package-announce%40lists.fedoraproject.org\/message\/ORJX2LF6KMPIHP6B2P6KZIVKMLE3LVJ5\/"} ,{"url": "https:\/\/lists.fedoraproject.org\/archives\/list\/package-announce%40lists.fedoraproject.org\/message\/ZMX5YHELQVCGKKQVFXIYOTBMN23YYSRO\/"} ,{"name": "EXPLOIT,ISSUE_TRACKING,PATCH,THIRD_PARTY_ADVISORY","url": "https:\/\/github.com\/moment\/moment\/pull\/6015#issuecomment-1152961973"} ,{"name": "EXPLOIT,ISSUE_TRACKING,PATCH,THIRD_PARTY_ADVISORY","url": "https:\/\/huntr.dev\/bounties\/f0952b67-f2ff-44a9-a9cd-99e0a87cb633\/"} ,{"name": "ISSUE_TRACKING,THIRD_PARTY_ADVISORY","url": "https:\/\/github.com\/moment\/moment\/security\/advisories\/GHSA-wc69-rhjr-hc9g"} ,{"name": "MAILING_LIST,THIRD_PARTY_ADVISORY","url": "https:\/\/lists.debian.org\/debian-lts-announce\/2023\/01\/msg00035.html"} ,{"name": "PATCH,THIRD_PARTY_ADVISORY","url": "https:\/\/github.com\/moment\/moment\/commit\/9a3b5894f3d5d602948ac8a02e4ee528a49ca3a3"} ,{"name": "THIRD_PARTY_ADVISORY","url": "https:\/\/security.netapp.com\/advisory\/ntap-20221014-0003\/"}]},{"id": "CVE-2019-11358","identifiers": [{"type": "NVD", "name": "CVE-2019-11358", "value": "27182d28c2258abf96d88b321d7df67c1a3840ef", "url": "https://web.nvd.nist.gov/view/vuln/detail?vulnId=CVE-2019-11358"}],"location": {"file": "\/src\/assets\/js\/jquery-git.js","dependency": {"package": {"name": "jquery"},"version": "3.3.2-pre"}},"name": "CVE-2019-11358","description": "jQuery before 3.4.0, as used in Drupal, Backdrop CMS, and other products, mishandles jQuery.extend(true, {}, ...) because of Object.prototype pollution. If an unsanitized source object contained an enumerable __proto__ property, it could extend the native Object.prototype.","severity": "Medium","links": [{"name": "BROKEN_LINK,THIRD_PARTY_ADVISORY,VDB_ENTRY","url": "http:\/\/www.securityfocus.com\/bid\/108023"} ,{"name": "EXPLOIT,THIRD_PARTY_ADVISORY","url": "https:\/\/snyk.io\/vuln\/SNYK-JS-JQUERY-174006"} ,{"name": "ISSUE_TRACKING","url": "https:\/\/lists.apache.org\/thread.html\/08720ef215ee7ab3386c05a1a90a7d1c852bf0706f176a7816bf65fc%40%3Ccommits.airflow.apache.org%3E"} ,{"name": "ISSUE_TRACKING","url": "https:\/\/lists.apache.org\/thread.html\/519eb0fd45642dcecd9ff74cb3e71c20a4753f7d82e2f07864b5108f%40%3Cdev.drill.apache.org%3E"} ,{"name": "ISSUE_TRACKING","url": "https:\/\/lists.apache.org\/thread.html\/5928aa293e39d248266472210c50f176cac1535220f2486e6a7fa844%40%3Ccommits.airflow.apache.org%3E"} ,{"name": "ISSUE_TRACKING","url": "https:\/\/lists.apache.org\/thread.html\/6097cdbd6f0a337bedd9bb5cc441b2d525ff002a96531de367e4259f%40%3Ccommits.airflow.apache.org%3E"} ,{"name": "ISSUE_TRACKING","url": "https:\/\/lists.apache.org\/thread.html\/88fb0362fd40e5b605ea8149f63241537b8b6fb5bfa315391fc5cbb7%40%3Ccommits.airflow.apache.org%3E"} ,{"name": "ISSUE_TRACKING","url": "https:\/\/lists.apache.org\/thread.html\/b0656d359c7d40ec9f39c8cc61bca66802ef9a2a12ee199f5b0c1442%40%3Cdev.drill.apache.org%3E"} ,{"name": "ISSUE_TRACKING","url": "https:\/\/lists.apache.org\/thread.html\/b736d0784cf02f5a30fbb4c5902762a15ad6d47e17e2c5a17b7d6205%40%3Ccommits.airflow.apache.org%3E"} ,{"name": "ISSUE_TRACKING","url": "https:\/\/lists.apache.org\/thread.html\/ba79cf1658741e9f146e4c59b50aee56656ea95d841d358d006c18b6%40%3Ccommits.roller.apache.org%3E"} ,{"name": "ISSUE_TRACKING","url": "https:\/\/lists.apache.org\/thread.html\/bcce5a9c532b386c68dab2f6b3ce8b0cc9b950ec551766e76391caa3%40%3Ccommits.nifi.apache.org%3E"} ,{"name": "ISSUE_TRACKING","url": "https:\/\/lists.apache.org\/thread.html\/f9bc3e55f4e28d1dcd1a69aae6d53e609a758e34d2869b4d798e13cc%40%3Cissues.drill.apache.org%3E"} ,{"name": "ISSUE_TRACKING","url": "https:\/\/lists.apache.org\/thread.html\/r2041a75d3fc09dec55adfd95d598b38d22715303f65c997c054844c9%40%3Cissues.flink.apache.org%3E"} ,{"name": "ISSUE_TRACKING","url": "https:\/\/lists.apache.org\/thread.html\/r2baacab6e0acb5a2092eb46ae04fd6c3e8277b4fd79b1ffb7f3254fa%40%3Cissues.flink.apache.org%3E"} ,{"name": "ISSUE_TRACKING","url": "https:\/\/lists.apache.org\/thread.html\/r38f0d1aa3c923c22977fe7376508f030f22e22c1379fbb155bf29766%40%3Cdev.syncope.apache.org%3E"} ,{"name": "ISSUE_TRACKING","url": "https:\/\/lists.apache.org\/thread.html\/r41b5bfe009c845f67d4f68948cc9419ac2d62e287804aafd72892b08%40%3Cissues.flink.apache.org%3E"} ,{"name": "ISSUE_TRACKING","url": "https:\/\/lists.apache.org\/thread.html\/r7aac081cbddb6baa24b75e74abf0929bf309b176755a53e3ed810355%40%3Cdev.flink.apache.org%3E"} ,{"name": "ISSUE_TRACKING","url": "https:\/\/lists.apache.org\/thread.html\/r7d64895cc4dff84d0becfc572b20c0e4bf9bfa7b10c6f5f73e783734%40%3Cdev.storm.apache.org%3E"} ,{"name": "ISSUE_TRACKING","url": "https:\/\/lists.apache.org\/thread.html\/r7e8ebccb7c022e41295f6fdb7b971209b83702339f872ddd8cf8bf73%40%3Cissues.flink.apache.org%3E"} ,{"name": "ISSUE_TRACKING","url": "https:\/\/lists.apache.org\/thread.html\/rac25da84ecdcd36f6de5ad0d255f4e967209bbbebddb285e231da37d%40%3Cissues.flink.apache.org%3E"} ,{"name": "ISSUE_TRACKING","url": "https:\/\/lists.apache.org\/thread.html\/rca37935d661f4689cb4119f1b3b224413b22be161b678e6e6ce0c69b%40%3Ccommits.nifi.apache.org%3E"} ,{"name": "ISSUE_TRACKING,MAILING_LIST,THIRD_PARTY_ADVISORY","url": "https:\/\/seclists.org\/bugtraq\/2019\/Jun\/12"} ,{"name": "MAILING_LIST,PATCH,THIRD_PARTY_ADVISORY","url": "http:\/\/seclists.org\/fulldisclosure\/2019\/May\/11"} ,{"name": "MAILING_LIST,PATCH,THIRD_PARTY_ADVISORY","url": "http:\/\/seclists.org\/fulldisclosure\/2019\/May\/13"} ,{"name": "MAILING_LIST,PATCH,THIRD_PARTY_ADVISORY","url": "http:\/\/www.openwall.com\/lists\/oss-security\/2019\/06\/03\/2"} ,{"name": "MAILING_LIST,PATCH,THIRD_PARTY_ADVISORY","url": "https:\/\/seclists.org\/bugtraq\/2019\/May\/18"} ,{"name": "MAILING_LIST,THIRD_PARTY_ADVISORY","url": "http:\/\/lists.opensuse.org\/opensuse-security-announce\/2019-08\/msg00006.html"} ,{"name": "MAILING_LIST,THIRD_PARTY_ADVISORY","url": "http:\/\/lists.opensuse.org\/opensuse-security-announce\/2019-08\/msg00025.html"} ,{"name": "MAILING_LIST,THIRD_PARTY_ADVISORY","url": "http:\/\/seclists.org\/fulldisclosure\/2019\/May\/10"} ,{"name": "MAILING_LIST,THIRD_PARTY_ADVISORY","url": "https:\/\/lists.debian.org\/debian-lts-announce\/2019\/05\/msg00006.html"} ,{"name": "MAILING_LIST,THIRD_PARTY_ADVISORY","url": "https:\/\/lists.debian.org\/debian-lts-announce\/2019\/05\/msg00029.html"} ,{"name": "MAILING_LIST,THIRD_PARTY_ADVISORY","url": "https:\/\/lists.debian.org\/debian-lts-announce\/2020\/02\/msg00024.html"} ,{"name": "MAILING_LIST,THIRD_PARTY_ADVISORY","url": "https:\/\/lists.debian.org\/debian-lts-announce\/2023\/08\/msg00040.html"} ,{"name": "MAILING_LIST,THIRD_PARTY_ADVISORY","url": "https:\/\/lists.fedoraproject.org\/archives\/list\/package-announce%40lists.fedoraproject.org\/message\/4UOAZIFCSZ3ENEFOR5IXX6NFAD3HV7FA\/"} ,{"name": "MAILING_LIST,THIRD_PARTY_ADVISORY","url": "https:\/\/lists.fedoraproject.org\/archives\/list\/package-announce%40lists.fedoraproject.org\/message\/5IABSKTYZ5JUGL735UKGXL5YPRYOPUYI\/"} ,{"name": "MAILING_LIST,THIRD_PARTY_ADVISORY","url": "https:\/\/lists.fedoraproject.org\/archives\/list\/package-announce%40lists.fedoraproject.org\/message\/KYH3OAGR2RTCHRA5NOKX2TES7SNQMWGO\/"} ,{"name": "MAILING_LIST,THIRD_PARTY_ADVISORY","url": "https:\/\/lists.fedoraproject.org\/archives\/list\/package-announce%40lists.fedoraproject.org\/message\/QV3PKZC3PQCO3273HAT76PAQZFBEO4KP\/"} ,{"name": "MAILING_LIST,THIRD_PARTY_ADVISORY","url": "https:\/\/lists.fedoraproject.org\/archives\/list\/package-announce%40lists.fedoraproject.org\/message\/RLXRX23725JL366CNZGJZ7AQQB7LHQ6F\/"} ,{"name": "MAILING_LIST,THIRD_PARTY_ADVISORY","url": "https:\/\/lists.fedoraproject.org\/archives\/list\/package-announce%40lists.fedoraproject.org\/message\/WZW27UCJ5CYFL4KFFFMYMIBNMIU2ALG5\/"} ,{"name": "MAILING_LIST,THIRD_PARTY_ADVISORY","url": "https:\/\/seclists.org\/bugtraq\/2019\/Apr\/32"} ,{"name": "PATCH,THIRD_PARTY_ADVISORY","url": "https:\/\/github.com\/jquery\/jquery\/commit\/753d591aea698e57d6db58c9f722cd0808619b1b"} ,{"name": "PATCH,THIRD_PARTY_ADVISORY","url": "https:\/\/github.com\/jquery\/jquery\/pull\/4333"} ,{"name": "PATCH,THIRD_PARTY_ADVISORY","url": "https:\/\/www.drupal.org\/sa-core-2019-006"} ,{"name": "PATCH,THIRD_PARTY_ADVISORY","url": "https:\/\/www.oracle.com\/\/security-alerts\/cpujul2021.html"} ,{"name": "PATCH,THIRD_PARTY_ADVISORY","url": "https:\/\/www.oracle.com\/security-alerts\/cpuApr2021.html"} ,{"name": "PATCH,THIRD_PARTY_ADVISORY","url": "https:\/\/www.oracle.com\/security-alerts\/cpuapr2020.html"} ,{"name": "PATCH,THIRD_PARTY_ADVISORY","url": "https:\/\/www.oracle.com\/security-alerts\/cpujan2020.html"} ,{"name": "PATCH,THIRD_PARTY_ADVISORY","url": "https:\/\/www.oracle.com\/security-alerts\/cpujan2021.html"} ,{"name": "PATCH,THIRD_PARTY_ADVISORY","url": "https:\/\/www.oracle.com\/security-alerts\/cpujan2022.html"} ,{"name": "PATCH,THIRD_PARTY_ADVISORY","url": "https:\/\/www.oracle.com\/security-alerts\/cpujul2020.html"} ,{"name": "PATCH,THIRD_PARTY_ADVISORY","url": "https:\/\/www.oracle.com\/security-alerts\/cpuoct2020.html"} ,{"name": "PATCH,THIRD_PARTY_ADVISORY","url": "https:\/\/www.oracle.com\/security-alerts\/cpuoct2021.html"} ,{"name": "PATCH,THIRD_PARTY_ADVISORY","url": "https:\/\/www.oracle.com\/technetwork\/security-advisory\/cpujul2019-5072835.html"} ,{"name": "PATCH,THIRD_PARTY_ADVISORY","url": "https:\/\/www.oracle.com\/technetwork\/security-advisory\/cpuoct2019-5072832.html"} ,{"name": "PATCH,THIRD_PARTY_ADVISORY","url": "https:\/\/www.privacy-wise.com\/mitigating-cve-2019-11358-in-old-versions-of-jquery\/"} ,{"name": "RELEASE_NOTES,VENDOR_ADVISORY","url": "https:\/\/blog.jquery.com\/2019\/04\/10\/jquery-3-4-0-released\/"} ,{"name": "THIRD_PARTY_ADVISORY","url": "https:\/\/access.redhat.com\/errata\/RHBA-2019:1570"} ,{"name": "THIRD_PARTY_ADVISORY","url": "https:\/\/access.redhat.com\/errata\/RHSA-2019:1456"} ,{"name": "THIRD_PARTY_ADVISORY","url": "https:\/\/access.redhat.com\/errata\/RHSA-2019:2587"} ,{"name": "THIRD_PARTY_ADVISORY","url": "https:\/\/access.redhat.com\/errata\/RHSA-2019:3023"} ,{"name": "THIRD_PARTY_ADVISORY","url": "https:\/\/access.redhat.com\/errata\/RHSA-2019:3024"} ,{"name": "THIRD_PARTY_ADVISORY","url": "https:\/\/backdropcms.org\/security\/backdrop-sa-core-2019-009"} ,{"name": "THIRD_PARTY_ADVISORY","url": "https:\/\/kb.pulsesecure.net\/articles\/Pulse_Security_Advisories\/SA44601"} ,{"name": "THIRD_PARTY_ADVISORY","url": "https:\/\/security.netapp.com\/advisory\/ntap-20190919-0001\/"} ,{"name": "THIRD_PARTY_ADVISORY","url": "https:\/\/supportportal.juniper.net\/s\/article\/2021-07-Security-Bulletin-Junos-OS-Multiple-J-Web-vulnerabilities-resolved-in-Junos-OS-21-2R1"} ,{"name": "THIRD_PARTY_ADVISORY","url": "https:\/\/www.debian.org\/security\/2019\/dsa-4434"} ,{"name": "THIRD_PARTY_ADVISORY","url": "https:\/\/www.debian.org\/security\/2019\/dsa-4460"} ,{"name": "THIRD_PARTY_ADVISORY","url": "https:\/\/www.synology.com\/security\/advisory\/Synology_SA_19_19"} ,{"name": "THIRD_PARTY_ADVISORY","url": "https:\/\/www.tenable.com\/security\/tns-2019-08"} ,{"name": "THIRD_PARTY_ADVISORY","url": "https:\/\/www.tenable.com\/security\/tns-2020-02"} ,{"name": "THIRD_PARTY_ADVISORY,VDB_ENTRY","url": "http:\/\/packetstormsecurity.com\/files\/152787\/dotCMS-5.1.1-Vulnerable-Dependencies.html"} ,{"name": "THIRD_PARTY_ADVISORY,VDB_ENTRY","url": "http:\/\/packetstormsecurity.com\/files\/153237\/RetireJS-CORS-Issue-Script-Execution.html"} ,{"name": "THIRD_PARTY_ADVISORY,VDB_ENTRY","url": "http:\/\/packetstormsecurity.com\/files\/156743\/OctoberCMS-Insecure-Dependencies.html"} ,{"name": "BROKEN_LINK,THIRD_PARTY_ADVISORY,VDB_ENTRY","url": "http:\/\/www.securityfocus.com\/bid\/108023"} ,{"name": "EXPLOIT,THIRD_PARTY_ADVISORY","url": "https:\/\/snyk.io\/vuln\/SNYK-JS-JQUERY-174006"} ,{"name": "ISSUE_TRACKING","url": "https:\/\/lists.apache.org\/thread.html\/08720ef215ee7ab3386c05a1a90a7d1c852bf0706f176a7816bf65fc%40%3Ccommits.airflow.apache.org%3E"} ,{"name": "ISSUE_TRACKING","url": "https:\/\/lists.apache.org\/thread.html\/519eb0fd45642dcecd9ff74cb3e71c20a4753f7d82e2f07864b5108f%40%3Cdev.drill.apache.org%3E"} ,{"name": "ISSUE_TRACKING","url": "https:\/\/lists.apache.org\/thread.html\/5928aa293e39d248266472210c50f176cac1535220f2486e6a7fa844%40%3Ccommits.airflow.apache.org%3E"} ,{"name": "ISSUE_TRACKING","url": "https:\/\/lists.apache.org\/thread.html\/6097cdbd6f0a337bedd9bb5cc441b2d525ff002a96531de367e4259f%40%3Ccommits.airflow.apache.org%3E"} ,{"name": "ISSUE_TRACKING","url": "https:\/\/lists.apache.org\/thread.html\/88fb0362fd40e5b605ea8149f63241537b8b6fb5bfa315391fc5cbb7%40%3Ccommits.airflow.apache.org%3E"} ,{"name": "ISSUE_TRACKING","url": "https:\/\/lists.apache.org\/thread.html\/b0656d359c7d40ec9f39c8cc61bca66802ef9a2a12ee199f5b0c1442%40%3Cdev.drill.apache.org%3E"} ,{"name": "ISSUE_TRACKING","url": "https:\/\/lists.apache.org\/thread.html\/b736d0784cf02f5a30fbb4c5902762a15ad6d47e17e2c5a17b7d6205%40%3Ccommits.airflow.apache.org%3E"} ,{"name": "ISSUE_TRACKING","url": "https:\/\/lists.apache.org\/thread.html\/ba79cf1658741e9f146e4c59b50aee56656ea95d841d358d006c18b6%40%3Ccommits.roller.apache.org%3E"} ,{"name": "ISSUE_TRACKING","url": "https:\/\/lists.apache.org\/thread.html\/bcce5a9c532b386c68dab2f6b3ce8b0cc9b950ec551766e76391caa3%40%3Ccommits.nifi.apache.org%3E"} ,{"name": "ISSUE_TRACKING","url": "https:\/\/lists.apache.org\/thread.html\/f9bc3e55f4e28d1dcd1a69aae6d53e609a758e34d2869b4d798e13cc%40%3Cissues.drill.apache.org%3E"} ,{"name": "ISSUE_TRACKING","url": "https:\/\/lists.apache.org\/thread.html\/r2041a75d3fc09dec55adfd95d598b38d22715303f65c997c054844c9%40%3Cissues.flink.apache.org%3E"} ,{"name": "ISSUE_TRACKING","url": "https:\/\/lists.apache.org\/thread.html\/r2baacab6e0acb5a2092eb46ae04fd6c3e8277b4fd79b1ffb7f3254fa%40%3Cissues.flink.apache.org%3E"} ,{"name": "ISSUE_TRACKING","url": "https:\/\/lists.apache.org\/thread.html\/r38f0d1aa3c923c22977fe7376508f030f22e22c1379fbb155bf29766%40%3Cdev.syncope.apache.org%3E"} ,{"name": "ISSUE_TRACKING","url": "https:\/\/lists.apache.org\/thread.html\/r41b5bfe009c845f67d4f68948cc9419ac2d62e287804aafd72892b08%40%3Cissues.flink.apache.org%3E"} ,{"name": "ISSUE_TRACKING","url": "https:\/\/lists.apache.org\/thread.html\/r7aac081cbddb6baa24b75e74abf0929bf309b176755a53e3ed810355%40%3Cdev.flink.apache.org%3E"} ,{"name": "ISSUE_TRACKING","url": "https:\/\/lists.apache.org\/thread.html\/r7d64895cc4dff84d0becfc572b20c0e4bf9bfa7b10c6f5f73e783734%40%3Cdev.storm.apache.org%3E"} ,{"name": "ISSUE_TRACKING","url": "https:\/\/lists.apache.org\/thread.html\/r7e8ebccb7c022e41295f6fdb7b971209b83702339f872ddd8cf8bf73%40%3Cissues.flink.apache.org%3E"} ,{"name": "ISSUE_TRACKING","url": "https:\/\/lists.apache.org\/thread.html\/rac25da84ecdcd36f6de5ad0d255f4e967209bbbebddb285e231da37d%40%3Cissues.flink.apache.org%3E"} ,{"name": "ISSUE_TRACKING","url": "https:\/\/lists.apache.org\/thread.html\/rca37935d661f4689cb4119f1b3b224413b22be161b678e6e6ce0c69b%40%3Ccommits.nifi.apache.org%3E"} ,{"name": "ISSUE_TRACKING,MAILING_LIST,THIRD_PARTY_ADVISORY","url": "https:\/\/seclists.org\/bugtraq\/2019\/Jun\/12"} ,{"name": "MAILING_LIST,PATCH,THIRD_PARTY_ADVISORY","url": "http:\/\/seclists.org\/fulldisclosure\/2019\/May\/11"} ,{"name": "MAILING_LIST,PATCH,THIRD_PARTY_ADVISORY","url": "http:\/\/seclists.org\/fulldisclosure\/2019\/May\/13"} ,{"name": "MAILING_LIST,PATCH,THIRD_PARTY_ADVISORY","url": "http:\/\/www.openwall.com\/lists\/oss-security\/2019\/06\/03\/2"} ,{"name": "MAILING_LIST,PATCH,THIRD_PARTY_ADVISORY","url": "https:\/\/seclists.org\/bugtraq\/2019\/May\/18"} ,{"name": "MAILING_LIST,THIRD_PARTY_ADVISORY","url": "http:\/\/lists.opensuse.org\/opensuse-security-announce\/2019-08\/msg00006.html"} ,{"name": "MAILING_LIST,THIRD_PARTY_ADVISORY","url": "http:\/\/lists.opensuse.org\/opensuse-security-announce\/2019-08\/msg00025.html"} ,{"name": "MAILING_LIST,THIRD_PARTY_ADVISORY","url": "http:\/\/seclists.org\/fulldisclosure\/2019\/May\/10"} ,{"name": "MAILING_LIST,THIRD_PARTY_ADVISORY","url": "https:\/\/lists.debian.org\/debian-lts-announce\/2019\/05\/msg00006.html"} ,{"name": "MAILING_LIST,THIRD_PARTY_ADVISORY","url": "https:\/\/lists.debian.org\/debian-lts-announce\/2019\/05\/msg00029.html"} ,{"name": "MAILING_LIST,THIRD_PARTY_ADVISORY","url": "https:\/\/lists.debian.org\/debian-lts-announce\/2020\/02\/msg00024.html"} ,{"name": "MAILING_LIST,THIRD_PARTY_ADVISORY","url": "https:\/\/lists.debian.org\/debian-lts-announce\/2023\/08\/msg00040.html"} ,{"name": "MAILING_LIST,THIRD_PARTY_ADVISORY","url": "https:\/\/lists.fedoraproject.org\/archives\/list\/package-announce%40lists.fedoraproject.org\/message\/4UOAZIFCSZ3ENEFOR5IXX6NFAD3HV7FA\/"} ,{"name": "MAILING_LIST,THIRD_PARTY_ADVISORY","url": "https:\/\/lists.fedoraproject.org\/archives\/list\/package-announce%40lists.fedoraproject.org\/message\/5IABSKTYZ5JUGL735UKGXL5YPRYOPUYI\/"} ,{"name": "MAILING_LIST,THIRD_PARTY_ADVISORY","url": "https:\/\/lists.fedoraproject.org\/archives\/list\/package-announce%40lists.fedoraproject.org\/message\/KYH3OAGR2RTCHRA5NOKX2TES7SNQMWGO\/"} ,{"name": "MAILING_LIST,THIRD_PARTY_ADVISORY","url": "https:\/\/lists.fedoraproject.org\/archives\/list\/package-announce%40lists.fedoraproject.org\/message\/QV3PKZC3PQCO3273HAT76PAQZFBEO4KP\/"} ,{"name": "MAILING_LIST,THIRD_PARTY_ADVISORY","url": "https:\/\/lists.fedoraproject.org\/archives\/list\/package-announce%40lists.fedoraproject.org\/message\/RLXRX23725JL366CNZGJZ7AQQB7LHQ6F\/"} ,{"name": "MAILING_LIST,THIRD_PARTY_ADVISORY","url": "https:\/\/lists.fedoraproject.org\/archives\/list\/package-announce%40lists.fedoraproject.org\/message\/WZW27UCJ5CYFL4KFFFMYMIBNMIU2ALG5\/"} ,{"name": "MAILING_LIST,THIRD_PARTY_ADVISORY","url": "https:\/\/seclists.org\/bugtraq\/2019\/Apr\/32"} ,{"name": "PATCH,THIRD_PARTY_ADVISORY","url": "https:\/\/github.com\/jquery\/jquery\/commit\/753d591aea698e57d6db58c9f722cd0808619b1b"} ,{"name": "PATCH,THIRD_PARTY_ADVISORY","url": "https:\/\/github.com\/jquery\/jquery\/pull\/4333"} ,{"name": "PATCH,THIRD_PARTY_ADVISORY","url": "https:\/\/www.drupal.org\/sa-core-2019-006"} ,{"name": "PATCH,THIRD_PARTY_ADVISORY","url": "https:\/\/www.oracle.com\/\/security-alerts\/cpujul2021.html"} ,{"name": "PATCH,THIRD_PARTY_ADVISORY","url": "https:\/\/www.oracle.com\/security-alerts\/cpuApr2021.html"} ,{"name": "PATCH,THIRD_PARTY_ADVISORY","url": "https:\/\/www.oracle.com\/security-alerts\/cpuapr2020.html"} ,{"name": "PATCH,THIRD_PARTY_ADVISORY","url": "https:\/\/www.oracle.com\/security-alerts\/cpujan2020.html"} ,{"name": "PATCH,THIRD_PARTY_ADVISORY","url": "https:\/\/www.oracle.com\/security-alerts\/cpujan2021.html"} ,{"name": "PATCH,THIRD_PARTY_ADVISORY","url": "https:\/\/www.oracle.com\/security-alerts\/cpujan2022.html"} ,{"name": "PATCH,THIRD_PARTY_ADVISORY","url": "https:\/\/www.oracle.com\/security-alerts\/cpujul2020.html"} ,{"name": "PATCH,THIRD_PARTY_ADVISORY","url": "https:\/\/www.oracle.com\/security-alerts\/cpuoct2020.html"} ,{"name": "PATCH,THIRD_PARTY_ADVISORY","url": "https:\/\/www.oracle.com\/security-alerts\/cpuoct2021.html"} ,{"name": "PATCH,THIRD_PARTY_ADVISORY","url": "https:\/\/www.oracle.com\/technetwork\/security-advisory\/cpujul2019-5072835.html"} ,{"name": "PATCH,THIRD_PARTY_ADVISORY","url": "https:\/\/www.oracle.com\/technetwork\/security-advisory\/cpuoct2019-5072832.html"} ,{"name": "PATCH,THIRD_PARTY_ADVISORY","url": "https:\/\/www.privacy-wise.com\/mitigating-cve-2019-11358-in-old-versions-of-jquery\/"} ,{"name": "RELEASE_NOTES,VENDOR_ADVISORY","url": "https:\/\/blog.jquery.com\/2019\/04\/10\/jquery-3-4-0-released\/"} ,{"name": "THIRD_PARTY_ADVISORY","url": "https:\/\/access.redhat.com\/errata\/RHBA-2019:1570"} ,{"name": "THIRD_PARTY_ADVISORY","url": "https:\/\/access.redhat.com\/errata\/RHSA-2019:1456"} ,{"name": "THIRD_PARTY_ADVISORY","url": "https:\/\/access.redhat.com\/errata\/RHSA-2019:2587"} ,{"name": "THIRD_PARTY_ADVISORY","url": "https:\/\/access.redhat.com\/errata\/RHSA-2019:3023"} ,{"name": "THIRD_PARTY_ADVISORY","url": "https:\/\/access.redhat.com\/errata\/RHSA-2019:3024"} ,{"name": "THIRD_PARTY_ADVISORY","url": "https:\/\/backdropcms.org\/security\/backdrop-sa-core-2019-009"} ,{"name": "THIRD_PARTY_ADVISORY","url": "https:\/\/kb.pulsesecure.net\/articles\/Pulse_Security_Advisories\/SA44601"} ,{"name": "THIRD_PARTY_ADVISORY","url": "https:\/\/security.netapp.com\/advisory\/ntap-20190919-0001\/"} ,{"name": "THIRD_PARTY_ADVISORY","url": "https:\/\/supportportal.juniper.net\/s\/article\/2021-07-Security-Bulletin-Junos-OS-Multiple-J-Web-vulnerabilities-resolved-in-Junos-OS-21-2R1"} ,{"name": "THIRD_PARTY_ADVISORY","url": "https:\/\/www.debian.org\/security\/2019\/dsa-4434"} ,{"name": "THIRD_PARTY_ADVISORY","url": "https:\/\/www.debian.org\/security\/2019\/dsa-4460"} ,{"name": "THIRD_PARTY_ADVISORY","url": "https:\/\/www.synology.com\/security\/advisory\/Synology_SA_19_19"} ,{"name": "THIRD_PARTY_ADVISORY","url": "https:\/\/www.tenable.com\/security\/tns-2019-08"} ,{"name": "THIRD_PARTY_ADVISORY","url": "https:\/\/www.tenable.com\/security\/tns-2020-02"} ,{"name": "THIRD_PARTY_ADVISORY,VDB_ENTRY","url": "http:\/\/packetstormsecurity.com\/files\/152787\/dotCMS-5.1.1-Vulnerable-Dependencies.html"} ,{"name": "THIRD_PARTY_ADVISORY,VDB_ENTRY","url": "http:\/\/packetstormsecurity.com\/files\/153237\/RetireJS-CORS-Issue-Script-Execution.html"} ,{"name": "THIRD_PARTY_ADVISORY,VDB_ENTRY","url": "http:\/\/packetstormsecurity.com\/files\/156743\/OctoberCMS-Insecure-Dependencies.html"} ,{"name": "https:\/\/blog.jquery.com\/2019\/04\/10\/jquery-3-4-0-released\/","url": "https:\/\/blog.jquery.com\/2019\/04\/10\/jquery-3-4-0-released\/"} ,{"name": "https:\/\/github.com\/jquery\/jquery\/commit\/753d591aea698e57d6db58c9f722cd0808619b1b","url": "https:\/\/github.com\/jquery\/jquery\/commit\/753d591aea698e57d6db58c9f722cd0808619b1b"} ,{"name": "https:\/\/nvd.nist.gov\/vuln\/detail\/CVE-2019-11358","url": "https:\/\/nvd.nist.gov\/vuln\/detail\/CVE-2019-11358"}]},{"id": "CVE-2020-11022","identifiers": [{"type": "NVD", "name": "CVE-2020-11022", "value": "27182d28c2258abf96d88b321d7df67c1a3840ef", "url": "https://web.nvd.nist.gov/view/vuln/detail?vulnId=CVE-2020-11022"}],"location": {"file": "\/src\/assets\/js\/jquery-git.js","dependency": {"package": {"name": "jquery"},"version": "3.3.2-pre"}},"name": "CVE-2020-11022","description": "In jQuery versions greater than or equal to 1.2 and before 3.5.0, passing HTML from untrusted sources - even after sanitizing it - to one of jQuery's DOM manipulation methods (i.e. .html(), .append(), and others) may execute untrusted code. This problem is patched in jQuery 3.5.0.","severity": "Medium","links": [{"url": "https:\/\/lists.apache.org\/thread.html\/r0483ba0072783c2e1bfea613984bfb3c86e73ba8879d780dc1cc7d36%40%3Cissues.flink.apache.org%3E"} ,{"url": "https:\/\/lists.apache.org\/thread.html\/r49ce4243b4738dd763caeb27fa8ad6afb426ae3e8c011ff00b8b1f48%40%3Cissues.flink.apache.org%3E"} ,{"url": "https:\/\/lists.apache.org\/thread.html\/r54565a8f025c7c4f305355fdfd75b68eca442eebdb5f31c2e7d977ae%40%3Cissues.flink.apache.org%3E"} ,{"url": "https:\/\/lists.apache.org\/thread.html\/r564585d97bc069137e64f521e68ba490c7c9c5b342df5d73c49a0760%40%3Cissues.flink.apache.org%3E"} ,{"url": "https:\/\/lists.apache.org\/thread.html\/r706cfbc098420f7113968cc377247ec3d1439bce42e679c11c609e2d%40%3Cissues.flink.apache.org%3E"} ,{"url": "https:\/\/lists.apache.org\/thread.html\/r8f70b0f65d6bedf316ecd899371fd89e65333bc988f6326d2956735c%40%3Cissues.flink.apache.org%3E"} ,{"url": "https:\/\/lists.apache.org\/thread.html\/rbb448222ba62c430e21e13f940be4cb5cfc373cd3bce56b48c0ffa67%40%3Cdev.flink.apache.org%3E"} ,{"url": "https:\/\/lists.apache.org\/thread.html\/rdf44341677cf7eec7e9aa96dcf3f37ed709544863d619cca8c36f133%40%3Ccommits.airflow.apache.org%3E"} ,{"url": "https:\/\/lists.apache.org\/thread.html\/re4ae96fa5c1a2fe71ccbb7b7ac1538bd0cb677be270a2bf6e2f8d108%40%3Cissues.flink.apache.org%3E"} ,{"url": "https:\/\/lists.apache.org\/thread.html\/rede9cfaa756e050a3d83045008f84a62802fc68c17f2b4eabeaae5e4%40%3Cissues.flink.apache.org%3E"} ,{"url": "https:\/\/lists.apache.org\/thread.html\/ree3bd8ddb23df5fa4e372d11c226830ea3650056b1059f3965b3fce2%40%3Cissues.flink.apache.org%3E"} ,{"url": "https:\/\/lists.debian.org\/debian-lts-announce\/2023\/08\/msg00040.html"} ,{"url": "https:\/\/lists.fedoraproject.org\/archives\/list\/package-announce%40lists.fedoraproject.org\/message\/AVKYXLWCLZBV2N7M46KYK4LVA5OXWPBY\/"} ,{"url": "https:\/\/lists.fedoraproject.org\/archives\/list\/package-announce%40lists.fedoraproject.org\/message\/QPN2L2XVQGUA2V5HNQJWHK3APSK3VN7K\/"} ,{"url": "https:\/\/lists.fedoraproject.org\/archives\/list\/package-announce%40lists.fedoraproject.org\/message\/SAPQVX3XDNPGFT26QAQ6AJIXZZBZ4CD4\/"} ,{"url": "https:\/\/lists.fedoraproject.org\/archives\/list\/package-announce%40lists.fedoraproject.org\/message\/SFP4UK4EGP4AFH2MWYJ5A5Z4I7XVFQ6B\/"} ,{"url": "https:\/\/lists.fedoraproject.org\/archives\/list\/package-announce%40lists.fedoraproject.org\/message\/VOE7P7APPRQKD4FGNHBKJPDY6FFCOH3W\/"} ,{"url": "https:\/\/www.oracle.com\/security-alerts\/cpujul2022.html"} ,{"name": "BROKEN_LINK","url": "http:\/\/lists.opensuse.org\/opensuse-security-announce\/2020-07\/msg00067.html"} ,{"name": "BROKEN_LINK","url": "http:\/\/lists.opensuse.org\/opensuse-security-announce\/2020-07\/msg00085.html"} ,{"name": "BROKEN_LINK","url": "http:\/\/lists.opensuse.org\/opensuse-security-announce\/2020-11\/msg00039.html"} ,{"name": "EXPLOIT,THIRD_PARTY_ADVISORY,VDB_ENTRY","url": "http:\/\/packetstormsecurity.com\/files\/162159\/jQuery-1.2-Cross-Site-Scripting.html"} ,{"name": "MAILING_LIST,THIRD_PARTY_ADVISORY","url": "https:\/\/lists.debian.org\/debian-lts-announce\/2021\/03\/msg00033.html"} ,{"name": "MITIGATION,THIRD_PARTY_ADVISORY","url": "https:\/\/github.com\/jquery\/jquery\/security\/advisories\/GHSA-gxr4-xjj5-5px2"} ,{"name": "MITIGATION,VENDOR_ADVISORY","url": "https:\/\/jquery.com\/upgrade-guide\/3.5\/"} ,{"name": "PATCH,THIRD_PARTY_ADVISORY","url": "https:\/\/github.com\/jquery\/jquery\/commit\/1d61fd9407e6fbe82fe55cb0b938307aa0791f77"} ,{"name": "PATCH,THIRD_PARTY_ADVISORY","url": "https:\/\/www.oracle.com\/\/security-alerts\/cpujul2021.html"} ,{"name": "PATCH,THIRD_PARTY_ADVISORY","url": "https:\/\/www.oracle.com\/security-alerts\/cpuApr2021.html"} ,{"name": "PATCH,THIRD_PARTY_ADVISORY","url": "https:\/\/www.oracle.com\/security-alerts\/cpuapr2022.html"} ,{"name": "PATCH,THIRD_PARTY_ADVISORY","url": "https:\/\/www.oracle.com\/security-alerts\/cpujan2022.html"} ,{"name": "PATCH,THIRD_PARTY_ADVISORY","url": "https:\/\/www.oracle.com\/security-alerts\/cpuoct2021.html"} ,{"name": "RELEASE_NOTES,VENDOR_ADVISORY","url": "https:\/\/blog.jquery.com\/2020\/04\/10\/jquery-3-5-0-released\/"} ,{"name": "THIRD_PARTY_ADVISORY","url": "https:\/\/security.gentoo.org\/glsa\/202007-03"} ,{"name": "THIRD_PARTY_ADVISORY","url": "https:\/\/security.netapp.com\/advisory\/ntap-20200511-0006\/"} ,{"name": "THIRD_PARTY_ADVISORY","url": "https:\/\/www.debian.org\/security\/2020\/dsa-4693"} ,{"name": "THIRD_PARTY_ADVISORY","url": "https:\/\/www.drupal.org\/sa-core-2020-002"} ,{"name": "THIRD_PARTY_ADVISORY","url": "https:\/\/www.oracle.com\/security-alerts\/cpujan2021.html"} ,{"name": "THIRD_PARTY_ADVISORY","url": "https:\/\/www.oracle.com\/security-alerts\/cpujul2020.html"} ,{"name": "THIRD_PARTY_ADVISORY","url": "https:\/\/www.oracle.com\/security-alerts\/cpuoct2020.html"} ,{"name": "THIRD_PARTY_ADVISORY","url": "https:\/\/www.tenable.com\/security\/tns-2020-10"} ,{"name": "THIRD_PARTY_ADVISORY","url": "https:\/\/www.tenable.com\/security\/tns-2020-11"} ,{"name": "THIRD_PARTY_ADVISORY","url": "https:\/\/www.tenable.com\/security\/tns-2021-02"} ,{"name": "THIRD_PARTY_ADVISORY","url": "https:\/\/www.tenable.com\/security\/tns-2021-10"} ,{"name": "https:\/\/blog.jquery.com\/2020\/04\/10\/jquery-3-5-0-released\/","url": "https:\/\/blog.jquery.com\/2020\/04\/10\/jquery-3-5-0-released\/"} ,{"url": "https:\/\/lists.apache.org\/thread.html\/r0483ba0072783c2e1bfea613984bfb3c86e73ba8879d780dc1cc7d36%40%3Cissues.flink.apache.org%3E"} ,{"url": "https:\/\/lists.apache.org\/thread.html\/r49ce4243b4738dd763caeb27fa8ad6afb426ae3e8c011ff00b8b1f48%40%3Cissues.flink.apache.org%3E"} ,{"url": "https:\/\/lists.apache.org\/thread.html\/r54565a8f025c7c4f305355fdfd75b68eca442eebdb5f31c2e7d977ae%40%3Cissues.flink.apache.org%3E"} ,{"url": "https:\/\/lists.apache.org\/thread.html\/r564585d97bc069137e64f521e68ba490c7c9c5b342df5d73c49a0760%40%3Cissues.flink.apache.org%3E"} ,{"url": "https:\/\/lists.apache.org\/thread.html\/r706cfbc098420f7113968cc377247ec3d1439bce42e679c11c609e2d%40%3Cissues.flink.apache.org%3E"} ,{"url": "https:\/\/lists.apache.org\/thread.html\/r8f70b0f65d6bedf316ecd899371fd89e65333bc988f6326d2956735c%40%3Cissues.flink.apache.org%3E"} ,{"url": "https:\/\/lists.apache.org\/thread.html\/rbb448222ba62c430e21e13f940be4cb5cfc373cd3bce56b48c0ffa67%40%3Cdev.flink.apache.org%3E"} ,{"url": "https:\/\/lists.apache.org\/thread.html\/rdf44341677cf7eec7e9aa96dcf3f37ed709544863d619cca8c36f133%40%3Ccommits.airflow.apache.org%3E"} ,{"url": "https:\/\/lists.apache.org\/thread.html\/re4ae96fa5c1a2fe71ccbb7b7ac1538bd0cb677be270a2bf6e2f8d108%40%3Cissues.flink.apache.org%3E"} ,{"url": "https:\/\/lists.apache.org\/thread.html\/rede9cfaa756e050a3d83045008f84a62802fc68c17f2b4eabeaae5e4%40%3Cissues.flink.apache.org%3E"} ,{"url": "https:\/\/lists.apache.org\/thread.html\/ree3bd8ddb23df5fa4e372d11c226830ea3650056b1059f3965b3fce2%40%3Cissues.flink.apache.org%3E"} ,{"url": "https:\/\/lists.debian.org\/debian-lts-announce\/2023\/08\/msg00040.html"} ,{"url": "https:\/\/lists.fedoraproject.org\/archives\/list\/package-announce%40lists.fedoraproject.org\/message\/AVKYXLWCLZBV2N7M46KYK4LVA5OXWPBY\/"} ,{"url": "https:\/\/lists.fedoraproject.org\/archives\/list\/package-announce%40lists.fedoraproject.org\/message\/QPN2L2XVQGUA2V5HNQJWHK3APSK3VN7K\/"} ,{"url": "https:\/\/lists.fedoraproject.org\/archives\/list\/package-announce%40lists.fedoraproject.org\/message\/SAPQVX3XDNPGFT26QAQ6AJIXZZBZ4CD4\/"} ,{"url": "https:\/\/lists.fedoraproject.org\/archives\/list\/package-announce%40lists.fedoraproject.org\/message\/SFP4UK4EGP4AFH2MWYJ5A5Z4I7XVFQ6B\/"} ,{"url": "https:\/\/lists.fedoraproject.org\/archives\/list\/package-announce%40lists.fedoraproject.org\/message\/VOE7P7APPRQKD4FGNHBKJPDY6FFCOH3W\/"} ,{"url": "https:\/\/www.oracle.com\/security-alerts\/cpujul2022.html"} ,{"name": "BROKEN_LINK","url": "http:\/\/lists.opensuse.org\/opensuse-security-announce\/2020-07\/msg00067.html"} ,{"name": "BROKEN_LINK","url": "http:\/\/lists.opensuse.org\/opensuse-security-announce\/2020-07\/msg00085.html"} ,{"name": "BROKEN_LINK","url": "http:\/\/lists.opensuse.org\/opensuse-security-announce\/2020-11\/msg00039.html"} ,{"name": "EXPLOIT,THIRD_PARTY_ADVISORY,VDB_ENTRY","url": "http:\/\/packetstormsecurity.com\/files\/162159\/jQuery-1.2-Cross-Site-Scripting.html"} ,{"name": "MAILING_LIST,THIRD_PARTY_ADVISORY","url": "https:\/\/lists.debian.org\/debian-lts-announce\/2021\/03\/msg00033.html"} ,{"name": "MITIGATION,THIRD_PARTY_ADVISORY","url": "https:\/\/github.com\/jquery\/jquery\/security\/advisories\/GHSA-gxr4-xjj5-5px2"} ,{"name": "MITIGATION,VENDOR_ADVISORY","url": "https:\/\/jquery.com\/upgrade-guide\/3.5\/"} ,{"name": "PATCH,THIRD_PARTY_ADVISORY","url": "https:\/\/github.com\/jquery\/jquery\/commit\/1d61fd9407e6fbe82fe55cb0b938307aa0791f77"} ,{"name": "PATCH,THIRD_PARTY_ADVISORY","url": "https:\/\/www.oracle.com\/\/security-alerts\/cpujul2021.html"} ,{"name": "PATCH,THIRD_PARTY_ADVISORY","url": "https:\/\/www.oracle.com\/security-alerts\/cpuApr2021.html"} ,{"name": "PATCH,THIRD_PARTY_ADVISORY","url": "https:\/\/www.oracle.com\/security-alerts\/cpuapr2022.html"} ,{"name": "PATCH,THIRD_PARTY_ADVISORY","url": "https:\/\/www.oracle.com\/security-alerts\/cpujan2022.html"} ,{"name": "PATCH,THIRD_PARTY_ADVISORY","url": "https:\/\/www.oracle.com\/security-alerts\/cpuoct2021.html"} ,{"name": "RELEASE_NOTES,VENDOR_ADVISORY","url": "https:\/\/blog.jquery.com\/2020\/04\/10\/jquery-3-5-0-released\/"} ,{"name": "THIRD_PARTY_ADVISORY","url": "https:\/\/security.gentoo.org\/glsa\/202007-03"} ,{"name": "THIRD_PARTY_ADVISORY","url": "https:\/\/security.netapp.com\/advisory\/ntap-20200511-0006\/"} ,{"name": "THIRD_PARTY_ADVISORY","url": "https:\/\/www.debian.org\/security\/2020\/dsa-4693"} ,{"name": "THIRD_PARTY_ADVISORY","url": "https:\/\/www.drupal.org\/sa-core-2020-002"} ,{"name": "THIRD_PARTY_ADVISORY","url": "https:\/\/www.oracle.com\/security-alerts\/cpujan2021.html"} ,{"name": "THIRD_PARTY_ADVISORY","url": "https:\/\/www.oracle.com\/security-alerts\/cpujul2020.html"} ,{"name": "THIRD_PARTY_ADVISORY","url": "https:\/\/www.oracle.com\/security-alerts\/cpuoct2020.html"} ,{"name": "THIRD_PARTY_ADVISORY","url": "https:\/\/www.tenable.com\/security\/tns-2020-10"} ,{"name": "THIRD_PARTY_ADVISORY","url": "https:\/\/www.tenable.com\/security\/tns-2020-11"} ,{"name": "THIRD_PARTY_ADVISORY","url": "https:\/\/www.tenable.com\/security\/tns-2021-02"} ,{"name": "THIRD_PARTY_ADVISORY","url": "https:\/\/www.tenable.com\/security\/tns-2021-10"}]},{"id": "CVE-2020-11023","identifiers": [{"type": "NVD", "name": "CVE-2020-11023", "value": "27182d28c2258abf96d88b321d7df67c1a3840ef", "url": "https://web.nvd.nist.gov/view/vuln/detail?vulnId=CVE-2020-11023"}],"location": {"file": "\/src\/assets\/js\/jquery-git.js","dependency": {"package": {"name": "jquery"},"version": "3.3.2-pre"}},"name": "CVE-2020-11023","description": "In jQuery versions greater than or equal to 1.0.3 and before 3.5.0, passing HTML containing <option> elements from untrusted sources - even after sanitizing it - to one of jQuery's DOM manipulation methods (i.e. .html(), .append(), and others) may execute untrusted code. This problem is patched in jQuery 3.5.0.","severity": "Medium","links": [{"name": "US_GOVERNMENT_RESOURCE","url": "https:\/\/www.cisa.gov\/known-exploited-vulnerabilities-catalog?field_cve=CVE-2020-11023"} ,{"name": "BROKEN_LINK","url": "http:\/\/lists.opensuse.org\/opensuse-security-announce\/2020-07\/msg00067.html"} ,{"name": "BROKEN_LINK","url": "http:\/\/lists.opensuse.org\/opensuse-security-announce\/2020-07\/msg00085.html"} ,{"name": "BROKEN_LINK,MAILING_LIST,THIRD_PARTY_ADVISORY","url": "http:\/\/lists.opensuse.org\/opensuse-security-announce\/2020-11\/msg00039.html"} ,{"name": "EXPLOIT,THIRD_PARTY_ADVISORY,VDB_ENTRY","url": "http:\/\/packetstormsecurity.com\/files\/162160\/jQuery-1.0.3-Cross-Site-Scripting.html"} ,{"name": "ISSUE_TRACKING,MAILING_LIST","url": "https:\/\/lists.apache.org\/thread.html\/r0483ba0072783c2e1bfea613984bfb3c86e73ba8879d780dc1cc7d36%40%3Cissues.flink.apache.org%3E"} ,{"name": "ISSUE_TRACKING,MAILING_LIST","url": "https:\/\/lists.apache.org\/thread.html\/r0593393ca1e97b1e7e098fe69d414d6bd0a467148e9138d07e86ebbb%40%3Cissues.hive.apache.org%3E"} ,{"name": "ISSUE_TRACKING,MAILING_LIST","url": "https:\/\/lists.apache.org\/thread.html\/r07ab379471fb15644bf7a92e4a98cbc7df3cf4e736abae0cc7625fe6%40%3Cdev.felix.apache.org%3E"} ,{"name": "ISSUE_TRACKING,MAILING_LIST","url": "https:\/\/lists.apache.org\/thread.html\/r094f435595582f6b5b24b66fedf80543aa8b1d57a3688fbcc21f06ec%40%3Cissues.hive.apache.org%3E"} ,{"name": "ISSUE_TRACKING,MAILING_LIST","url": "https:\/\/lists.apache.org\/thread.html\/r1fed19c860a0d470f2a3eded12795772c8651ff583ef951ddac4918c%40%3Cgitbox.hive.apache.org%3E"} ,{"name": "ISSUE_TRACKING,MAILING_LIST","url": "https:\/\/lists.apache.org\/thread.html\/r2c85121a47442036c7f8353a3724aa04f8ecdfda1819d311ba4f5330%40%3Cdev.felix.apache.org%3E"} ,{"name": "ISSUE_TRACKING,MAILING_LIST","url": "https:\/\/lists.apache.org\/thread.html\/r3702ede0ff83a29ba3eb418f6f11c473d6e3736baba981a8dbd9c9ef%40%3Cdev.felix.apache.org%3E"} ,{"name": "ISSUE_TRACKING,MAILING_LIST","url": "https:\/\/lists.apache.org\/thread.html\/r49ce4243b4738dd763caeb27fa8ad6afb426ae3e8c011ff00b8b1f48%40%3Cissues.flink.apache.org%3E"} ,{"name": "ISSUE_TRACKING,MAILING_LIST","url": "https:\/\/lists.apache.org\/thread.html\/r4aadb98086ca72ed75391f54167522d91489a0d0ae25b12baa8fc7c5%40%3Cissues.hive.apache.org%3E"} ,{"name": "ISSUE_TRACKING,MAILING_LIST","url": "https:\/\/lists.apache.org\/thread.html\/r4dba67be3239b34861f1b9cfdf9dfb3a90272585dcce374112ed6e16%40%3Cdev.felix.apache.org%3E"} ,{"name": "ISSUE_TRACKING,MAILING_LIST","url": "https:\/\/lists.apache.org\/thread.html\/r54565a8f025c7c4f305355fdfd75b68eca442eebdb5f31c2e7d977ae%40%3Cissues.flink.apache.org%3E"} ,{"name": "ISSUE_TRACKING,MAILING_LIST","url": "https:\/\/lists.apache.org\/thread.html\/r55f5e066cc7301e3630ce90bbbf8d28c82212ae1f2d4871012141494%40%3Cdev.felix.apache.org%3E"} ,{"name": "ISSUE_TRACKING,MAILING_LIST","url": "https:\/\/lists.apache.org\/thread.html\/r564585d97bc069137e64f521e68ba490c7c9c5b342df5d73c49a0760%40%3Cissues.flink.apache.org%3E"} ,{"name": "ISSUE_TRACKING,MAILING_LIST","url": "https:\/\/lists.apache.org\/thread.html\/r6c4df3b33e625a44471009a172dabe6865faec8d8f21cac2303463b1%40%3Cissues.hive.apache.org%3E"} ,{"name": "ISSUE_TRACKING,MAILING_LIST","url": "https:\/\/lists.apache.org\/thread.html\/r6e97b37963926f6059ecc1e417721608723a807a76af41d4e9dbed49%40%3Cissues.hive.apache.org%3E"} ,{"name": "ISSUE_TRACKING,MAILING_LIST","url": "https:\/\/lists.apache.org\/thread.html\/r706cfbc098420f7113968cc377247ec3d1439bce42e679c11c609e2d%40%3Cissues.flink.apache.org%3E"} ,{"name": "ISSUE_TRACKING,MAILING_LIST","url": "https:\/\/lists.apache.org\/thread.html\/r8f70b0f65d6bedf316ecd899371fd89e65333bc988f6326d2956735c%40%3Cissues.flink.apache.org%3E"} ,{"name": "ISSUE_TRACKING,MAILING_LIST","url": "https:\/\/lists.apache.org\/thread.html\/r9006ad2abf81d02a0ef2126bab5177987e59095b7194a487c4ea247c%40%3Ccommits.felix.apache.org%3E"} ,{"name": "ISSUE_TRACKING,MAILING_LIST","url": "https:\/\/lists.apache.org\/thread.html\/r9c5fda81e4bca8daee305b4c03283dddb383ab8428a151d4cb0b3b15%40%3Cissues.hive.apache.org%3E"} ,{"name": "ISSUE_TRACKING,MAILING_LIST","url": "https:\/\/lists.apache.org\/thread.html\/r9e0bd31b7da9e7403478d22652b8760c946861f8ebd7bd750844898e%40%3Cdev.felix.apache.org%3E"} ,{"name": "ISSUE_TRACKING,MAILING_LIST","url": "https:\/\/lists.apache.org\/thread.html\/ra32c7103ded9041c7c1cb8c12c8d125a6b2f3f3270e2937ef8417fac%40%3Cgitbox.hive.apache.org%3E"} ,{"name": "ISSUE_TRACKING,MAILING_LIST","url": "https:\/\/lists.apache.org\/thread.html\/ra374bb0299b4aa3e04edde01ebc03ed6f90cf614dad40dd428ce8f72%40%3Cgitbox.hive.apache.org%3E"} ,{"name": "ISSUE_TRACKING,MAILING_LIST","url": "https:\/\/lists.apache.org\/thread.html\/ra3c9219fcb0b289e18e9ec5a5ebeaa5c17d6b79a201667675af6721c%40%3Cgitbox.hive.apache.org%3E"} ,{"name": "ISSUE_TRACKING,MAILING_LIST","url": "https:\/\/lists.apache.org\/thread.html\/ra406b3adfcffcb5ce8707013bdb7c35e3ffc2776a8a99022f15274c6%40%3Cissues.hive.apache.org%3E"} ,{"name": "ISSUE_TRACKING,MAILING_LIST","url": "https:\/\/lists.apache.org\/thread.html\/rab82dd040f302018c85bd07d33f5604113573514895ada523c3401d9%40%3Ccommits.hive.apache.org%3E"} ,{"name": "ISSUE_TRACKING,MAILING_LIST","url": "https:\/\/lists.apache.org\/thread.html\/radcb2aa874a79647789f3563fcbbceaf1045a029ee8806b59812a8ea%40%3Cissues.hive.apache.org%3E"} ,{"name": "ISSUE_TRACKING,MAILING_LIST","url": "https:\/\/lists.apache.org\/thread.html\/rb25c3bc7418ae75cba07988dafe1b6912f76a9dd7d94757878320d61%40%3Cgitbox.hive.apache.org%3E"} ,{"name": "ISSUE_TRACKING,MAILING_LIST","url": "https:\/\/lists.apache.org\/thread.html\/rb69b7d8217c1a6a2100247a5d06ce610836b31e3f5d73fc113ded8e7%40%3Cissues.hive.apache.org%3E"} ,{"name": "ISSUE_TRACKING,MAILING_LIST","url": "https:\/\/lists.apache.org\/thread.html\/rbb448222ba62c430e21e13f940be4cb5cfc373cd3bce56b48c0ffa67%40%3Cdev.flink.apache.org%3E"} ,{"name": "ISSUE_TRACKING,MAILING_LIST","url": "https:\/\/lists.apache.org\/thread.html\/rd38b4185a797b324c8dd940d9213cf99fcdc2dbf1fc5a63ba7dee8c9%40%3Cissues.hive.apache.org%3E"} ,{"name": "ISSUE_TRACKING,MAILING_LIST","url": "https:\/\/lists.apache.org\/thread.html\/rda99599896c3667f2cc9e9d34c7b6ef5d2bbed1f4801e1d75a2b0679%40%3Ccommits.nifi.apache.org%3E"} ,{"name": "ISSUE_TRACKING,MAILING_LIST","url": "https:\/\/lists.apache.org\/thread.html\/re4ae96fa5c1a2fe71ccbb7b7ac1538bd0cb677be270a2bf6e2f8d108%40%3Cissues.flink.apache.org%3E"} ,{"name": "ISSUE_TRACKING,MAILING_LIST","url": "https:\/\/lists.apache.org\/thread.html\/rede9cfaa756e050a3d83045008f84a62802fc68c17f2b4eabeaae5e4%40%3Cissues.flink.apache.org%3E"} ,{"name": "ISSUE_TRACKING,MAILING_LIST","url": "https:\/\/lists.apache.org\/thread.html\/ree3bd8ddb23df5fa4e372d11c226830ea3650056b1059f3965b3fce2%40%3Cissues.flink.apache.org%3E"} ,{"name": "ISSUE_TRACKING,MAILING_LIST","url": "https:\/\/lists.apache.org\/thread.html\/rf0f8939596081d84be1ae6a91d6248b96a02d8388898c372ac807817%40%3Cdev.felix.apache.org%3E"} ,{"name": "ISSUE_TRACKING,MAILING_LIST","url": "https:\/\/lists.apache.org\/thread.html\/rf1ba79e564fe7efc56aef7c986106f1cf67a3427d08e997e088e7a93%40%3Cgitbox.hive.apache.org%3E"} ,{"name": "ISSUE_TRACKING,MAILING_LIST","url": "https:\/\/lists.apache.org\/thread.html\/rf661a90a15da8da5922ba6127b3f5f8194d4ebec8855d60a0dd13248%40%3Cdev.hive.apache.org%3E"} ,{"name": "MAILING_LIST,THIRD_PARTY_ADVISORY","url": "https:\/\/lists.debian.org\/debian-lts-announce\/2021\/03\/msg00033.html"} ,{"name": "MAILING_LIST,THIRD_PARTY_ADVISORY","url": "https:\/\/lists.debian.org\/debian-lts-announce\/2023\/08\/msg00040.html"} ,{"name": "MAILING_LIST,THIRD_PARTY_ADVISORY","url": "https:\/\/lists.fedoraproject.org\/archives\/list\/package-announce%40lists.fedoraproject.org\/message\/AVKYXLWCLZBV2N7M46KYK4LVA5OXWPBY\/"} ,{"name": "MAILING_LIST,THIRD_PARTY_ADVISORY","url": "https:\/\/lists.fedoraproject.org\/archives\/list\/package-announce%40lists.fedoraproject.org\/message\/QPN2L2XVQGUA2V5HNQJWHK3APSK3VN7K\/"} ,{"name": "MAILING_LIST,THIRD_PARTY_ADVISORY","url": "https:\/\/lists.fedoraproject.org\/archives\/list\/package-announce%40lists.fedoraproject.org\/message\/SAPQVX3XDNPGFT26QAQ6AJIXZZBZ4CD4\/"} ,{"name": "MAILING_LIST,THIRD_PARTY_ADVISORY","url": "https:\/\/lists.fedoraproject.org\/archives\/list\/package-announce%40lists.fedoraproject.org\/message\/SFP4UK4EGP4AFH2MWYJ5A5Z4I7XVFQ6B\/"} ,{"name": "MAILING_LIST,THIRD_PARTY_ADVISORY","url": "https:\/\/www.debian.org\/security\/2020\/dsa-4693"} ,{"name": "PATCH,THIRD_PARTY_ADVISORY","url": "https:\/\/www.oracle.com\/\/security-alerts\/cpujul2021.html"} ,{"name": "PATCH,THIRD_PARTY_ADVISORY","url": "https:\/\/www.oracle.com\/security-alerts\/cpuApr2021.html"} ,{"name": "PATCH,THIRD_PARTY_ADVISORY","url": "https:\/\/www.oracle.com\/security-alerts\/cpuapr2022.html"} ,{"name": "PATCH,THIRD_PARTY_ADVISORY","url": "https:\/\/www.oracle.com\/security-alerts\/cpujan2022.html"} ,{"name": "PATCH,THIRD_PARTY_ADVISORY","url": "https:\/\/www.oracle.com\/security-alerts\/cpuoct2021.html"} ,{"name": "RELEASE_NOTES,VENDOR_ADVISORY","url": "https:\/\/blog.jquery.com\/2020\/04\/10\/jquery-3-5-0-released"} ,{"name": "RELEASE_NOTES,VENDOR_ADVISORY","url": "https:\/\/jquery.com\/upgrade-guide\/3.5\/"} ,{"name": "THIRD_PARTY_ADVISORY","url": "https:\/\/github.com\/github\/advisory-database\/blob\/99afa6fdeaf5d1d23e1021ff915a5e5dbc82c1f1\/advisories\/github-reviewed\/2020\/04\/GHSA-jpcq-cgw6-v4j6\/GHSA-jpcq-cgw6-v4j6.json#L20-L37"} ,{"name": "THIRD_PARTY_ADVISORY","url": "https:\/\/github.com\/jquery\/jquery\/security\/advisories\/GHSA-jpcq-cgw6-v4j6"} ,{"name": "THIRD_PARTY_ADVISORY","url": "https:\/\/security.gentoo.org\/glsa\/202007-03"} ,{"name": "THIRD_PARTY_ADVISORY","url": "https:\/\/security.netapp.com\/advisory\/ntap-20200511-0006\/"} ,{"name": "THIRD_PARTY_ADVISORY","url": "https:\/\/www.drupal.org\/sa-core-2020-002"} ,{"name": "THIRD_PARTY_ADVISORY","url": "https:\/\/www.oracle.com\/security-alerts\/cpujan2021.html"} ,{"name": "THIRD_PARTY_ADVISORY","url": "https:\/\/www.oracle.com\/security-alerts\/cpujul2020.html"} ,{"name": "THIRD_PARTY_ADVISORY","url": "https:\/\/www.oracle.com\/security-alerts\/cpujul2022.html"} ,{"name": "THIRD_PARTY_ADVISORY","url": "https:\/\/www.oracle.com\/security-alerts\/cpuoct2020.html"} ,{"name": "THIRD_PARTY_ADVISORY","url": "https:\/\/www.tenable.com\/security\/tns-2021-02"} ,{"name": "THIRD_PARTY_ADVISORY","url": "https:\/\/www.tenable.com\/security\/tns-2021-10"} ,{"name": "https:\/\/blog.jquery.com\/2020\/04\/10\/jquery-3-5-0-released\/","url": "https:\/\/blog.jquery.com\/2020\/04\/10\/jquery-3-5-0-released\/"} ,{"name": "BROKEN_LINK","url": "http:\/\/lists.opensuse.org\/opensuse-security-announce\/2020-07\/msg00067.html"} ,{"name": "BROKEN_LINK","url": "http:\/\/lists.opensuse.org\/opensuse-security-announce\/2020-07\/msg00085.html"} ,{"name": "BROKEN_LINK,MAILING_LIST,THIRD_PARTY_ADVISORY","url": "http:\/\/lists.opensuse.org\/opensuse-security-announce\/2020-11\/msg00039.html"} ,{"name": "EXPLOIT,THIRD_PARTY_ADVISORY,VDB_ENTRY","url": "http:\/\/packetstormsecurity.com\/files\/162160\/jQuery-1.0.3-Cross-Site-Scripting.html"} ,{"name": "ISSUE_TRACKING,MAILING_LIST","url": "https:\/\/lists.apache.org\/thread.html\/r0483ba0072783c2e1bfea613984bfb3c86e73ba8879d780dc1cc7d36%40%3Cissues.flink.apache.org%3E"} ,{"name": "ISSUE_TRACKING,MAILING_LIST","url": "https:\/\/lists.apache.org\/thread.html\/r0593393ca1e97b1e7e098fe69d414d6bd0a467148e9138d07e86ebbb%40%3Cissues.hive.apache.org%3E"} ,{"name": "ISSUE_TRACKING,MAILING_LIST","url": "https:\/\/lists.apache.org\/thread.html\/r07ab379471fb15644bf7a92e4a98cbc7df3cf4e736abae0cc7625fe6%40%3Cdev.felix.apache.org%3E"} ,{"name": "ISSUE_TRACKING,MAILING_LIST","url": "https:\/\/lists.apache.org\/thread.html\/r094f435595582f6b5b24b66fedf80543aa8b1d57a3688fbcc21f06ec%40%3Cissues.hive.apache.org%3E"} ,{"name": "ISSUE_TRACKING,MAILING_LIST","url": "https:\/\/lists.apache.org\/thread.html\/r1fed19c860a0d470f2a3eded12795772c8651ff583ef951ddac4918c%40%3Cgitbox.hive.apache.org%3E"} ,{"name": "ISSUE_TRACKING,MAILING_LIST","url": "https:\/\/lists.apache.org\/thread.html\/r2c85121a47442036c7f8353a3724aa04f8ecdfda1819d311ba4f5330%40%3Cdev.felix.apache.org%3E"} ,{"name": "ISSUE_TRACKING,MAILING_LIST","url": "https:\/\/lists.apache.org\/thread.html\/r3702ede0ff83a29ba3eb418f6f11c473d6e3736baba981a8dbd9c9ef%40%3Cdev.felix.apache.org%3E"} ,{"name": "ISSUE_TRACKING,MAILING_LIST","url": "https:\/\/lists.apache.org\/thread.html\/r49ce4243b4738dd763caeb27fa8ad6afb426ae3e8c011ff00b8b1f48%40%3Cissues.flink.apache.org%3E"} ,{"name": "ISSUE_TRACKING,MAILING_LIST","url": "https:\/\/lists.apache.org\/thread.html\/r4aadb98086ca72ed75391f54167522d91489a0d0ae25b12baa8fc7c5%40%3Cissues.hive.apache.org%3E"} ,{"name": "ISSUE_TRACKING,MAILING_LIST","url": "https:\/\/lists.apache.org\/thread.html\/r4dba67be3239b34861f1b9cfdf9dfb3a90272585dcce374112ed6e16%40%3Cdev.felix.apache.org%3E"} ,{"name": "ISSUE_TRACKING,MAILING_LIST","url": "https:\/\/lists.apache.org\/thread.html\/r54565a8f025c7c4f305355fdfd75b68eca442eebdb5f31c2e7d977ae%40%3Cissues.flink.apache.org%3E"} ,{"name": "ISSUE_TRACKING,MAILING_LIST","url": "https:\/\/lists.apache.org\/thread.html\/r55f5e066cc7301e3630ce90bbbf8d28c82212ae1f2d4871012141494%40%3Cdev.felix.apache.org%3E"} ,{"name": "ISSUE_TRACKING,MAILING_LIST","url": "https:\/\/lists.apache.org\/thread.html\/r564585d97bc069137e64f521e68ba490c7c9c5b342df5d73c49a0760%40%3Cissues.flink.apache.org%3E"} ,{"name": "ISSUE_TRACKING,MAILING_LIST","url": "https:\/\/lists.apache.org\/thread.html\/r6c4df3b33e625a44471009a172dabe6865faec8d8f21cac2303463b1%40%3Cissues.hive.apache.org%3E"} ,{"name": "ISSUE_TRACKING,MAILING_LIST","url": "https:\/\/lists.apache.org\/thread.html\/r6e97b37963926f6059ecc1e417721608723a807a76af41d4e9dbed49%40%3Cissues.hive.apache.org%3E"} ,{"name": "ISSUE_TRACKING,MAILING_LIST","url": "https:\/\/lists.apache.org\/thread.html\/r706cfbc098420f7113968cc377247ec3d1439bce42e679c11c609e2d%40%3Cissues.flink.apache.org%3E"} ,{"name": "ISSUE_TRACKING,MAILING_LIST","url": "https:\/\/lists.apache.org\/thread.html\/r8f70b0f65d6bedf316ecd899371fd89e65333bc988f6326d2956735c%40%3Cissues.flink.apache.org%3E"} ,{"name": "ISSUE_TRACKING,MAILING_LIST","url": "https:\/\/lists.apache.org\/thread.html\/r9006ad2abf81d02a0ef2126bab5177987e59095b7194a487c4ea247c%40%3Ccommits.felix.apache.org%3E"} ,{"name": "ISSUE_TRACKING,MAILING_LIST","url": "https:\/\/lists.apache.org\/thread.html\/r9c5fda81e4bca8daee305b4c03283dddb383ab8428a151d4cb0b3b15%40%3Cissues.hive.apache.org%3E"} ,{"name": "ISSUE_TRACKING,MAILING_LIST","url": "https:\/\/lists.apache.org\/thread.html\/r9e0bd31b7da9e7403478d22652b8760c946861f8ebd7bd750844898e%40%3Cdev.felix.apache.org%3E"} ,{"name": "ISSUE_TRACKING,MAILING_LIST","url": "https:\/\/lists.apache.org\/thread.html\/ra32c7103ded9041c7c1cb8c12c8d125a6b2f3f3270e2937ef8417fac%40%3Cgitbox.hive.apache.org%3E"} ,{"name": "ISSUE_TRACKING,MAILING_LIST","url": "https:\/\/lists.apache.org\/thread.html\/ra374bb0299b4aa3e04edde01ebc03ed6f90cf614dad40dd428ce8f72%40%3Cgitbox.hive.apache.org%3E"} ,{"name": "ISSUE_TRACKING,MAILING_LIST","url": "https:\/\/lists.apache.org\/thread.html\/ra3c9219fcb0b289e18e9ec5a5ebeaa5c17d6b79a201667675af6721c%40%3Cgitbox.hive.apache.org%3E"} ,{"name": "ISSUE_TRACKING,MAILING_LIST","url": "https:\/\/lists.apache.org\/thread.html\/ra406b3adfcffcb5ce8707013bdb7c35e3ffc2776a8a99022f15274c6%40%3Cissues.hive.apache.org%3E"} ,{"name": "ISSUE_TRACKING,MAILING_LIST","url": "https:\/\/lists.apache.org\/thread.html\/rab82dd040f302018c85bd07d33f5604113573514895ada523c3401d9%40%3Ccommits.hive.apache.org%3E"} ,{"name": "ISSUE_TRACKING,MAILING_LIST","url": "https:\/\/lists.apache.org\/thread.html\/radcb2aa874a79647789f3563fcbbceaf1045a029ee8806b59812a8ea%40%3Cissues.hive.apache.org%3E"} ,{"name": "ISSUE_TRACKING,MAILING_LIST","url": "https:\/\/lists.apache.org\/thread.html\/rb25c3bc7418ae75cba07988dafe1b6912f76a9dd7d94757878320d61%40%3Cgitbox.hive.apache.org%3E"} ,{"name": "ISSUE_TRACKING,MAILING_LIST","url": "https:\/\/lists.apache.org\/thread.html\/rb69b7d8217c1a6a2100247a5d06ce610836b31e3f5d73fc113ded8e7%40%3Cissues.hive.apache.org%3E"} ,{"name": "ISSUE_TRACKING,MAILING_LIST","url": "https:\/\/lists.apache.org\/thread.html\/rbb448222ba62c430e21e13f940be4cb5cfc373cd3bce56b48c0ffa67%40%3Cdev.flink.apache.org%3E"} ,{"name": "ISSUE_TRACKING,MAILING_LIST","url": "https:\/\/lists.apache.org\/thread.html\/rd38b4185a797b324c8dd940d9213cf99fcdc2dbf1fc5a63ba7dee8c9%40%3Cissues.hive.apache.org%3E"} ,{"name": "ISSUE_TRACKING,MAILING_LIST","url": "https:\/\/lists.apache.org\/thread.html\/rda99599896c3667f2cc9e9d34c7b6ef5d2bbed1f4801e1d75a2b0679%40%3Ccommits.nifi.apache.org%3E"} ,{"name": "ISSUE_TRACKING,MAILING_LIST","url": "https:\/\/lists.apache.org\/thread.html\/re4ae96fa5c1a2fe71ccbb7b7ac1538bd0cb677be270a2bf6e2f8d108%40%3Cissues.flink.apache.org%3E"} ,{"name": "ISSUE_TRACKING,MAILING_LIST","url": "https:\/\/lists.apache.org\/thread.html\/rede9cfaa756e050a3d83045008f84a62802fc68c17f2b4eabeaae5e4%40%3Cissues.flink.apache.org%3E"} ,{"name": "ISSUE_TRACKING,MAILING_LIST","url": "https:\/\/lists.apache.org\/thread.html\/ree3bd8ddb23df5fa4e372d11c226830ea3650056b1059f3965b3fce2%40%3Cissues.flink.apache.org%3E"} ,{"name": "ISSUE_TRACKING,MAILING_LIST","url": "https:\/\/lists.apache.org\/thread.html\/rf0f8939596081d84be1ae6a91d6248b96a02d8388898c372ac807817%40%3Cdev.felix.apache.org%3E"} ,{"name": "ISSUE_TRACKING,MAILING_LIST","url": "https:\/\/lists.apache.org\/thread.html\/rf1ba79e564fe7efc56aef7c986106f1cf67a3427d08e997e088e7a93%40%3Cgitbox.hive.apache.org%3E"} ,{"name": "ISSUE_TRACKING,MAILING_LIST","url": "https:\/\/lists.apache.org\/thread.html\/rf661a90a15da8da5922ba6127b3f5f8194d4ebec8855d60a0dd13248%40%3Cdev.hive.apache.org%3E"} ,{"name": "MAILING_LIST,THIRD_PARTY_ADVISORY","url": "https:\/\/lists.debian.org\/debian-lts-announce\/2021\/03\/msg00033.html"} ,{"name": "MAILING_LIST,THIRD_PARTY_ADVISORY","url": "https:\/\/lists.debian.org\/debian-lts-announce\/2023\/08\/msg00040.html"} ,{"name": "MAILING_LIST,THIRD_PARTY_ADVISORY","url": "https:\/\/lists.fedoraproject.org\/archives\/list\/package-announce%40lists.fedoraproject.org\/message\/AVKYXLWCLZBV2N7M46KYK4LVA5OXWPBY\/"} ,{"name": "MAILING_LIST,THIRD_PARTY_ADVISORY","url": "https:\/\/lists.fedoraproject.org\/archives\/list\/package-announce%40lists.fedoraproject.org\/message\/QPN2L2XVQGUA2V5HNQJWHK3APSK3VN7K\/"} ,{"name": "MAILING_LIST,THIRD_PARTY_ADVISORY","url": "https:\/\/lists.fedoraproject.org\/archives\/list\/package-announce%40lists.fedoraproject.org\/message\/SAPQVX3XDNPGFT26QAQ6AJIXZZBZ4CD4\/"} ,{"name": "MAILING_LIST,THIRD_PARTY_ADVISORY","url": "https:\/\/lists.fedoraproject.org\/archives\/list\/package-announce%40lists.fedoraproject.org\/message\/SFP4UK4EGP4AFH2MWYJ5A5Z4I7XVFQ6B\/"} ,{"name": "MAILING_LIST,THIRD_PARTY_ADVISORY","url": "https:\/\/www.debian.org\/security\/2020\/dsa-4693"} ,{"name": "PATCH,THIRD_PARTY_ADVISORY","url": "https:\/\/www.oracle.com\/\/security-alerts\/cpujul2021.html"} ,{"name": "PATCH,THIRD_PARTY_ADVISORY","url": "https:\/\/www.oracle.com\/security-alerts\/cpuApr2021.html"} ,{"name": "PATCH,THIRD_PARTY_ADVISORY","url": "https:\/\/www.oracle.com\/security-alerts\/cpuapr2022.html"} ,{"name": "PATCH,THIRD_PARTY_ADVISORY","url": "https:\/\/www.oracle.com\/security-alerts\/cpujan2022.html"} ,{"name": "PATCH,THIRD_PARTY_ADVISORY","url": "https:\/\/www.oracle.com\/security-alerts\/cpuoct2021.html"} ,{"name": "RELEASE_NOTES,VENDOR_ADVISORY","url": "https:\/\/blog.jquery.com\/2020\/04\/10\/jquery-3-5-0-released"} ,{"name": "RELEASE_NOTES,VENDOR_ADVISORY","url": "https:\/\/jquery.com\/upgrade-guide\/3.5\/"} ,{"name": "THIRD_PARTY_ADVISORY","url": "https:\/\/github.com\/jquery\/jquery\/security\/advisories\/GHSA-jpcq-cgw6-v4j6"} ,{"name": "THIRD_PARTY_ADVISORY","url": "https:\/\/security.gentoo.org\/glsa\/202007-03"} ,{"name": "THIRD_PARTY_ADVISORY","url": "https:\/\/security.netapp.com\/advisory\/ntap-20200511-0006\/"} ,{"name": "THIRD_PARTY_ADVISORY","url": "https:\/\/www.drupal.org\/sa-core-2020-002"} ,{"name": "THIRD_PARTY_ADVISORY","url": "https:\/\/www.oracle.com\/security-alerts\/cpujan2021.html"} ,{"name": "THIRD_PARTY_ADVISORY","url": "https:\/\/www.oracle.com\/security-alerts\/cpujul2020.html"} ,{"name": "THIRD_PARTY_ADVISORY","url": "https:\/\/www.oracle.com\/security-alerts\/cpujul2022.html"} ,{"name": "THIRD_PARTY_ADVISORY","url": "https:\/\/www.oracle.com\/security-alerts\/cpuoct2020.html"} ,{"name": "THIRD_PARTY_ADVISORY","url": "https:\/\/www.tenable.com\/security\/tns-2021-02"} ,{"name": "THIRD_PARTY_ADVISORY","url": "https:\/\/www.tenable.com\/security\/tns-2021-10"}]},{"id": "CVE-2021-23445","identifiers": [{"type": "NVD", "name": "CVE-2021-23445", "value": "abe12919d90936f9a7a6c79b274f1a5416159a7d", "url": "https://web.nvd.nist.gov/view/vuln/detail?vulnId=CVE-2021-23445"}],"location": {"file": "\/src\/assets\/vendor\/datatables\/jquery.dataTables.js","dependency": {"package": {"name": "jquery.datatables"},"version": "1.10.24"}},"name": "CVE-2021-23445","description": "This affects the package datatables.net before 1.11.3. If an array is passed to the HTML escape entities function it would not have its contents escaped.","severity": "Medium","links": [{"url": "https:\/\/lists.debian.org\/debian-lts-announce\/2023\/08\/msg00018.html"} ,{"url": "https:\/\/security.netapp.com\/advisory\/ntap-20240621-0006\/"} ,{"name": "EXPLOIT,THIRD_PARTY_ADVISORY","url": "https:\/\/snyk.io\/vuln\/SNYK-JAVA-ORGWEBJARSBOWER-1715371"} ,{"name": "EXPLOIT,THIRD_PARTY_ADVISORY","url": "https:\/\/snyk.io\/vuln\/SNYK-JAVA-ORGWEBJARSNPM-1715376"} ,{"name": "EXPLOIT,THIRD_PARTY_ADVISORY","url": "https:\/\/snyk.io\/vuln\/SNYK-JS-DATATABLESNET-1540544"} ,{"name": "PATCH,THIRD_PARTY_ADVISORY","url": "https:\/\/github.com\/DataTables\/Dist-DataTables\/commit\/59a8d3f8a3c1138ab08704e783bc52bfe88d7c9b"} ,{"name": "RELEASE_NOTES,VENDOR_ADVISORY","url": "https:\/\/cdn.datatables.net\/1.11.3\/"} ,{"name": "https:\/\/github.com\/advisories\/GHSA-h73q-5wmj-q8pj","url": "https:\/\/github.com\/advisories\/GHSA-h73q-5wmj-q8pj"} ,{"url": "https:\/\/lists.debian.org\/debian-lts-announce\/2023\/08\/msg00018.html"} ,{"url": "https:\/\/security.netapp.com\/advisory\/ntap-20240621-0006\/"} ,{"name": "EXPLOIT,THIRD_PARTY_ADVISORY","url": "https:\/\/snyk.io\/vuln\/SNYK-JAVA-ORGWEBJARSBOWER-1715371"} ,{"name": "EXPLOIT,THIRD_PARTY_ADVISORY","url": "https:\/\/snyk.io\/vuln\/SNYK-JAVA-ORGWEBJARSNPM-1715376"} ,{"name": "EXPLOIT,THIRD_PARTY_ADVISORY","url": "https:\/\/snyk.io\/vuln\/SNYK-JS-DATATABLESNET-1540544"} ,{"name": "PATCH,THIRD_PARTY_ADVISORY","url": "https:\/\/github.com\/DataTables\/Dist-DataTables\/commit\/59a8d3f8a3c1138ab08704e783bc52bfe88d7c9b"} ,{"name": "RELEASE_NOTES,VENDOR_ADVISORY","url": "https:\/\/cdn.datatables.net\/1.11.3\/"}]},{"id": "possible XSS","identifiers": [{"type": "RETIREJS", "name": "possible XSS", "value": "abe12919d90936f9a7a6c79b274f1a5416159a7d"}],"location": {"file": "\/src\/assets\/vendor\/datatables\/jquery.dataTables.js","dependency": {"package": {"name": "jquery.datatables"},"version": "1.10.24"}},"name": "possible XSS","description": "possible XSS","severity": "Low","links": [{"name": "https:\/\/cdn.datatables.net\/1.11.3\/","url": "https:\/\/cdn.datatables.net\/1.11.3\/"} ,{"name": "https:\/\/github.com\/DataTables\/Dist-DataTables\/commit\/59a8d3f8a3c1138ab08704e783bc52bfe88d7c9b","url": "https:\/\/github.com\/DataTables\/Dist-DataTables\/commit\/59a8d3f8a3c1138ab08704e783bc52bfe88d7c9b"}]},{"id": "CVE-2021-23445","identifiers": [{"type": "NVD", "name": "CVE-2021-23445", "value": "aee29a94a6aa066fad6d5bfae51a4b71eb37c949", "url": "https://web.nvd.nist.gov/view/vuln/detail?vulnId=CVE-2021-23445"}],"location": {"file": "\/src\/assets\/vendor\/datatables\/jquery.dataTables.min.js","dependency": {"package": {"name": "jquery.datatables"},"version": "1.10.24"}},"name": "CVE-2021-23445","description": "This affects the package datatables.net before 1.11.3. If an array is passed to the HTML escape entities function it would not have its contents escaped.","severity": "Medium","links": [{"url": "https:\/\/lists.debian.org\/debian-lts-announce\/2023\/08\/msg00018.html"} ,{"url": "https:\/\/security.netapp.com\/advisory\/ntap-20240621-0006\/"} ,{"name": "EXPLOIT,THIRD_PARTY_ADVISORY","url": "https:\/\/snyk.io\/vuln\/SNYK-JAVA-ORGWEBJARSBOWER-1715371"} ,{"name": "EXPLOIT,THIRD_PARTY_ADVISORY","url": "https:\/\/snyk.io\/vuln\/SNYK-JAVA-ORGWEBJARSNPM-1715376"} ,{"name": "EXPLOIT,THIRD_PARTY_ADVISORY","url": "https:\/\/snyk.io\/vuln\/SNYK-JS-DATATABLESNET-1540544"} ,{"name": "PATCH,THIRD_PARTY_ADVISORY","url": "https:\/\/github.com\/DataTables\/Dist-DataTables\/commit\/59a8d3f8a3c1138ab08704e783bc52bfe88d7c9b"} ,{"name": "RELEASE_NOTES,VENDOR_ADVISORY","url": "https:\/\/cdn.datatables.net\/1.11.3\/"} ,{"name": "https:\/\/github.com\/advisories\/GHSA-h73q-5wmj-q8pj","url": "https:\/\/github.com\/advisories\/GHSA-h73q-5wmj-q8pj"} ,{"url": "https:\/\/lists.debian.org\/debian-lts-announce\/2023\/08\/msg00018.html"} ,{"url": "https:\/\/security.netapp.com\/advisory\/ntap-20240621-0006\/"} ,{"name": "EXPLOIT,THIRD_PARTY_ADVISORY","url": "https:\/\/snyk.io\/vuln\/SNYK-JAVA-ORGWEBJARSBOWER-1715371"} ,{"name": "EXPLOIT,THIRD_PARTY_ADVISORY","url": "https:\/\/snyk.io\/vuln\/SNYK-JAVA-ORGWEBJARSNPM-1715376"} ,{"name": "EXPLOIT,THIRD_PARTY_ADVISORY","url": "https:\/\/snyk.io\/vuln\/SNYK-JS-DATATABLESNET-1540544"} ,{"name": "PATCH,THIRD_PARTY_ADVISORY","url": "https:\/\/github.com\/DataTables\/Dist-DataTables\/commit\/59a8d3f8a3c1138ab08704e783bc52bfe88d7c9b"} ,{"name": "RELEASE_NOTES,VENDOR_ADVISORY","url": "https:\/\/cdn.datatables.net\/1.11.3\/"}]},{"id": "possible XSS","identifiers": [{"type": "RETIREJS", "name": "possible XSS", "value": "aee29a94a6aa066fad6d5bfae51a4b71eb37c949"}],"location": {"file": "\/src\/assets\/vendor\/datatables\/jquery.dataTables.min.js","dependency": {"package": {"name": "jquery.datatables"},"version": "1.10.24"}},"name": "possible XSS","description": "possible XSS","severity": "Low","links": [{"name": "https:\/\/cdn.datatables.net\/1.11.3\/","url": "https:\/\/cdn.datatables.net\/1.11.3\/"} ,{"name": "https:\/\/github.com\/DataTables\/Dist-DataTables\/commit\/59a8d3f8a3c1138ab08704e783bc52bfe88d7c9b","url": "https:\/\/github.com\/DataTables\/Dist-DataTables\/commit\/59a8d3f8a3c1138ab08704e783bc52bfe88d7c9b"}]}],"dependency_files": [{"path": "pom.xml","package_manager": "maven","dependencies": [{"package": {"name": "moment.js"},"version": "2.24.0"},{"package": {"name": "jquery"},"version": "3.3.2-pre"},{"package": {"name": "jquery.datatables"},"version": "1.10.24"},{"package": {"name": "jquery.datatables"},"version": "1.10.24"}]}],"remediations": [] }